id;code;name;user_type_id:id;chart_template_id:id;reconcile
account_receivable;52001;Account Receivable;account.data_account_type_receivable;account_arabic_coa_general;TRUE
account_receivable_pos;52002;Account Receivable (PoS);account.data_account_type_receivable;account_arabic_coa_general;TRUE
account_payable;60001;Account Payable;account.data_account_type_payable;account_arabic_coa_general;TRUE
base_miscexpense;79000;Miscellaneous Expense;account.data_account_type_expenses;account_arabic_coa_general;FALSE
base_miscincome;89000;Miscellaneous Income;account.data_account_type_revenue;account_arabic_coa_general;FALSE
AA1;11;ÇáãæÌæÏÇÊ ÇáËÇÈäÉ ;account.data_account_type_revenue_fixed_assets;account_arabic_coa_general;FALSE
AA2;11001;ÇáÇÑÇÖì ;account.data_account_type_revenue_fixed_assets;account_arabic_coa_general;FALSE
AA3;11001001;ÇÑÖ 1;account.data_account_type_revenue_fixed_assets;account_arabic_coa_general;FALSE
AA4;11002;ÇáãÈÇäí ;account.data_account_type_revenue_fixed_assets;account_arabic_coa_general;FALSE
AA5;11002001;ãÈäì 1;account.data_account_type_revenue_fixed_assets;account_arabic_coa_general;FALSE
AA6;11003;ÃÌåÒÉ ÍÇÓÈ Çáì ;account.data_account_type_revenue_fixed_assets;account_arabic_coa_general;FALSE
AA7;11003001;ÌåÇÒ ÑŞã 1;account.data_account_type_revenue_fixed_assets;account_arabic_coa_general;FALSE
AA8;11004;ÓíÇÑÇÊ ;account.data_account_type_revenue_fixed_assets;account_arabic_coa_general;FALSE
AA9;11004001;ÓíÇÑÇÊ ;account.data_account_type_revenue_fixed_assets;account_arabic_coa_general;FALSE
AA10;11005;áæÍÇÊ ÅÚáÇäíÉ ;account.data_account_type_revenue_fixed_assets;account_arabic_coa_general;FALSE
AA11;11005001;áæÍÇÊ ÅÚáÇäíÉ ;account.data_account_type_revenue_fixed_assets;account_arabic_coa_general;FALSE
AA12;11006;ÇËÇË æãİÑæÔÇÊ ;account.data_account_type_revenue_fixed_assets;account_arabic_coa_general;FALSE
AA13;11006001;ÇËÇË æãİÑæÔÇÊ ;account.data_account_type_revenue_fixed_assets;account_arabic_coa_general;FALSE
AA14;11007;ÃÌåÒÉ ßåÑÈÇÆíÉ ;account.data_account_type_revenue_fixed_assets;account_arabic_coa_general;FALSE
AA15;11007001;ÃÌåÒÉ ßåÑÈÇÆíÉ ;account.data_account_type_revenue_fixed_assets;account_arabic_coa_general;FALSE
AA16;11008;ãßíİÇÊ İÑíæä ;account.data_account_type_revenue_fixed_assets;account_arabic_coa_general;FALSE
AA17;11008001;ãßíİÇÊ İÑíæä ;account.data_account_type_revenue_fixed_assets;account_arabic_coa_general;FALSE
AA18;11009;ãßíİÇÊ ÕÍÑÇæíÉ ;account.data_account_type_revenue_fixed_assets;account_arabic_coa_general;FALSE
AA19;11009001;ãßíİÇÊ ÕÍÑÇæíÉ ;account.data_account_type_revenue_fixed_assets;account_arabic_coa_general;FALSE
AA20;11010;ãßíİÇÊ ãÑßÒíÉ ;account.data_account_type_revenue_fixed_assets;account_arabic_coa_general;FALSE
AA21;11010001;ãßíİÇÊ ãÑßÒíÉ ;account.data_account_type_revenue_fixed_assets;account_arabic_coa_general;FALSE
AA22;11011;ÇËÇÊ æäÌåíÒÇÊ ãßÊÈíÉ ;account.data_account_type_revenue_fixed_assets;account_arabic_coa_general;FALSE
AA23;11011001;ÇËÇÊ æäÌåíÒÇÊ ãßÊÈíÉ ;account.data_account_type_revenue_fixed_assets;account_arabic_coa_general;FALSE
AA24;11012;ÎÒä ÍÏíÏíÉ ;account.data_account_type_revenue_fixed_assets;account_arabic_coa_general;FALSE
AA25;11012001;ÎÒä ÍÏíÏíÉ ;account.data_account_type_revenue_fixed_assets;account_arabic_coa_general;FALSE
AA26;11013;Êßííİ ãÑßÒì ;account.data_account_type_revenue_fixed_assets;account_arabic_coa_general;FALSE
AA27;11013001;Êßííİ ãÑßÒì ;account.data_account_type_revenue_fixed_assets;account_arabic_coa_general;FALSE
AA28;11014;ÃÌåÒÉ ÑíÇÖíÉ ;account.data_account_type_revenue_fixed_assets;account_arabic_coa_general;FALSE
AA29;11014001;ÃÌåÒÉ ÑíÇÖíÉ ;account.data_account_type_revenue_fixed_assets;account_arabic_coa_general;FALSE
AA30;11015;Ñİæİ æãØÇÈÎ ;account.data_account_type_revenue_fixed_assets;account_arabic_coa_general;FALSE
AA31;11015001;Ñİæİ æãØÇÈÎ ;account.data_account_type_revenue_fixed_assets;account_arabic_coa_general;FALSE
AA32;11016;ãÙáÇÊ ÓíÇÑÇÊ ;account.data_account_type_revenue_fixed_assets;account_arabic_coa_general;FALSE
AA33;11016001;ãÙáÇÊ ÓíÇÑÇÊ ;account.data_account_type_revenue_fixed_assets;account_arabic_coa_general;FALSE
AA34;11017;ÈÑÇãÌ ;account.data_account_type_revenue_fixed_assets;account_arabic_coa_general;FALSE
AA35;11017001;ÈÑÇãÌ ;account.data_account_type_revenue_fixed_assets;account_arabic_coa_general;FALSE
AA36;11018;ÊÍÓíäÇÊ İí ÇáãÇÌæÑ ;account.data_account_type_revenue_fixed_assets;account_arabic_coa_general;FALSE
AA37;11018001;ÊÍÓíäÇÊ İí ÇáãÇÌæÑ ;account.data_account_type_revenue_fixed_assets;account_arabic_coa_general;FALSE
AA38;12;ÇáãæÌæÏÇÊ ÇáãÊÏÇæáÉ ;account.data_account_type_revenue_fixed_assets;account_arabic_coa_general;FALSE
AA39;12001;ÇáÈäæß ;account.data_account_type_revenue_fixed_assets;account_arabic_coa_general;FALSE
AA40;12001001;       Èäß ÇáÇäãÇÁ ;account.data_account_type_revenue_fixed_assets;account_arabic_coa_general;FALSE
AA41;12001002;Èäß 2;account.data_account_type_revenue_fixed_assets;account_arabic_coa_general;FALSE
AA42;12001003;Èäß 3;account.data_account_type_revenue_fixed_assets;account_arabic_coa_general;FALSE
AA43;12002;ÇáÕäÏæŞ ;account.data_account_type_revenue_fixed_assets;account_arabic_coa_general;FALSE
AA44;12002001;ÕäÏæŞ 1;account.data_account_type_revenue_fixed_assets;account_arabic_coa_general;FALSE
AA45;12003;Óáİ ÇáÚÇãáíä ;account.data_account_type_revenue_fixed_assets;account_arabic_coa_general;FALSE
AA46;12003001;ÓáİÉ ãæÙİ  1;account.data_account_type_revenue_fixed_assets;account_arabic_coa_general;FALSE
AA47;12003002;ÓáİÉ ãæÙİ 2;account.data_account_type_revenue_fixed_assets;account_arabic_coa_general;FALSE
AA48;12003003;ÓáİÉ  ãæÙİ 3;account.data_account_type_revenue_fixed_assets;account_arabic_coa_general;FALSE
AA49;12004;ÚåÏ ÇáÚÇãáíä ;account.data_account_type_revenue_fixed_assets;account_arabic_coa_general;FALSE
AA50;12004001;ÚåÏÉ ãæÙİ 1;account.data_account_type_revenue_fixed_assets;account_arabic_coa_general;FALSE
AA51;12004002;ÚåÏÉ ãæÙİ 2;account.data_account_type_revenue_fixed_assets;account_arabic_coa_general;FALSE
AA52;12005;ÊÇãíäÇÊ áÏì ÇáÛíÑ ;account.data_account_type_revenue_fixed_assets;account_arabic_coa_general;FALSE
AA53;12005001;ÊÇãíä ÔÑßÉ 1;account.data_account_type_revenue_fixed_assets;account_arabic_coa_general;FALSE
AA54;12006;ÇØÑÇİ ĞÇÊ ÇáÚáÇŞÉ ;account.data_account_type_revenue_fixed_assets;account_arabic_coa_general;FALSE
AA55;12006001;ãÌãÚ ÇáÚŞíŞ ÇáØÈí ÇáÚÇã ;account.data_account_type_revenue_fixed_assets;account_arabic_coa_general;FALSE
AA56;12006002;ÕíÏáíÉ ÇáÚŞíŞ ááÃÏæíÉ ;account.data_account_type_revenue_fixed_assets;account_arabic_coa_general;FALSE
AA57;12007;ÖÑíÈÉ ÇáŞíãÉ ÇáãÖÇİÉ Úáì ÇáãÔÊÑíÇÊ ;account.data_account_type_revenue_fixed_assets;account_arabic_coa_general;FALSE
AA58;12007001;ÖÑíÈÉ ÇáŞíãÉ ÇáãÖÇİÉ Úáì ÇáãÔÊÑíÇÊ ;account.data_account_type_revenue_fixed_assets;account_arabic_coa_general;FALSE
AA59;12008;ÇáÖãÇäÇÊ ÇáÈäßíÉ ;account.data_account_type_revenue_fixed_assets;account_arabic_coa_general;FALSE
AA60;12008001;                  ÖãÇä ÑŞã 1;account.data_account_type_revenue_fixed_assets;account_arabic_coa_general;FALSE
AA61;12009;ÇáÚãáÇÁ ;account.data_account_type_revenue_fixed_assets;account_arabic_coa_general;FALSE
AA62;12009001;ÚãáÇÁ ÏæÑÇÊ ÔåÑíÉ ;account.data_account_type_revenue_fixed_assets;account_arabic_coa_general;FALSE
AA63;12009002;ÚãáÇÁ ÏæÑÇÊ ÑÈÚ ÓäæíÉ (3ÇÔåÑ );account.data_account_type_revenue_fixed_assets;account_arabic_coa_general;FALSE
AA64;12009003;ÚãáÇÁ ÏæÑÇÊ äÕİ ÓäæíÉ (6 ÇÔåÑ );account.data_account_type_revenue_fixed_assets;account_arabic_coa_general;FALSE
AA65;12009004;ÚãáÇÁ ÏæÑÇÊ ÓäæíÉ ;account.data_account_type_revenue_fixed_assets;account_arabic_coa_general;FALSE
AA66;12009005;ÚãáÇÁ ÏæÑÇÊ æÇÔÊÑÇßÇÊ ãÊäæÚÉ ;account.data_account_type_revenue_fixed_assets;account_arabic_coa_general;FALSE
AA67;12009006;ÚãáÇÁ ÇáÚÑæÖ ;account.data_account_type_revenue_fixed_assets;account_arabic_coa_general;FALSE
AA68;21;ÍŞæŞ ÇáãáßíÉ ;account.data_account_type_revenue_fixed_assets;account_arabic_coa_general;FALSE
AA69;21001;ÑÇÓ ÇáãÇá ;account.data_account_type_revenue_fixed_assets;account_arabic_coa_general;FALSE
AA70;21001001;ÑÇÓ ÇáãÇá ;account.data_account_type_revenue_fixed_assets;account_arabic_coa_general;FALSE
AA71;21002;ÌÇÑì ÇáãÇáß ;account.data_account_type_revenue_fixed_assets;account_arabic_coa_general;FALSE
AA72;21002000;ÌÇÑì ÇáÃÓÊÇĞ ãÍãÏ ÔÑÈíäì ;account.data_account_type_revenue_fixed_assets;account_arabic_coa_general;FALSE
AA73;21003;ÃÑÈÇÍ ÇáÚÇã ;account.data_account_type_revenue_fixed_assets;account_arabic_coa_general;FALSE
AA74;21003001;ÃÑÈÇÍ ÇáÚÇã ;account.data_account_type_revenue_fixed_assets;account_arabic_coa_general;FALSE
AA75;21004;ÇáÃÑÈÇÍ ÇáãÈŞÇå ;account.data_account_type_revenue_fixed_assets;account_arabic_coa_general;FALSE
AA76;21004001;ÇáÃÑÈÇÍ ÇáãÈŞÇå ;account.data_account_type_revenue_fixed_assets;account_arabic_coa_general;FALSE
AA77;21005;ÇáÇÍÊíÇØí ÇáÚÇã ;account.data_account_type_revenue_fixed_assets;account_arabic_coa_general;FALSE
AA78;21005001;ÇáÇÍÊíÇØí ÇáÚÇã ;account.data_account_type_revenue_fixed_assets;account_arabic_coa_general;FALSE
AA79;22;ÇáÎÕæã ÇáÃÎÑì ;account.data_account_type_revenue_fixed_assets;account_arabic_coa_general;FALSE
AA80;22001;ÇáÏÇÆäæä ;account.data_account_type_revenue_fixed_assets;account_arabic_coa_general;FALSE
AA81;22001001;ÏÇÆä 1;account.data_account_type_revenue_fixed_assets;account_arabic_coa_general;FALSE
AA82;22002;ÇáãæÑÏæä ;account.data_account_type_revenue_fixed_assets;account_arabic_coa_general;FALSE
AA83;22002001;ÔÑßÉ 1;account.data_account_type_revenue_fixed_assets;account_arabic_coa_general;FALSE
AA84;22002002;ÔÑßÉ 2;account.data_account_type_revenue_fixed_assets;account_arabic_coa_general;FALSE
AA85;22003;ãÓÊÍİÇÊ ÇáÚÇãáíä ;account.data_account_type_revenue_fixed_assets;account_arabic_coa_general;FALSE
AA86;22003001;ãæÙİ 1;account.data_account_type_revenue_fixed_assets;account_arabic_coa_general;FALSE
AA87;22003002;ãæÙİ 2;account.data_account_type_revenue_fixed_assets;account_arabic_coa_general;FALSE
AA88;22003003;ãæÙİ 3;account.data_account_type_revenue_fixed_assets;account_arabic_coa_general;FALSE
AA89;22004;ãÎÕÕ ÇáÇÓÊåáÇß ;account.data_account_type_revenue_fixed_assets;account_arabic_coa_general;FALSE
AA90;22004001;ãÎÕÕ ÇÓÊåáÇß ãÈÇäì ;account.data_account_type_revenue_fixed_assets;account_arabic_coa_general;FALSE
AA91;22004002;ãÎÕÕ ÇÓÊåáÇß ÃÌåÒÉ ÍÇÓÈ Çáì ;account.data_account_type_revenue_fixed_assets;account_arabic_coa_general;FALSE
AA92;22004003;ãÎÕÕ ÇÓÊåáÇß ÇáÓíÇÑÇÊ ;account.data_account_type_revenue_fixed_assets;account_arabic_coa_general;FALSE
AA93;22004004;ãÎÕÕ ÇÓÊåáÇß áæÍÇÊ ÅÚáÇäíÉ ;account.data_account_type_revenue_fixed_assets;account_arabic_coa_general;FALSE
AA94;22004005;ãÎÕÕ ÇÓÊåáÇß ÇËÇË æãİÑæÔÇÊ ;account.data_account_type_revenue_fixed_assets;account_arabic_coa_general;FALSE
AA95;22004006;ãÎÕÕ ÇÓÊåáÇß ÃÌåÒÉ ßåÑÈÇÆÉ ;account.data_account_type_revenue_fixed_assets;account_arabic_coa_general;FALSE
AA96;22004007;ãÎÕÕ ÇÓÊåáÇß ãßíİÇÊ İÑíæä ;account.data_account_type_revenue_fixed_assets;account_arabic_coa_general;FALSE
AA97;22004008;ãÎÕÕ ÇÓÊåáÇß ãßíİÇÊ ÕÍÑÇæíÉ ;account.data_account_type_revenue_fixed_assets;account_arabic_coa_general;FALSE
AA98;22004009;ãÎÕÕ ÇÓÊåáÇß ãßíİÇÊ ãÑßÒíÉ;account.data_account_type_revenue_fixed_assets;account_arabic_coa_general;FALSE
AA99;22004010;ãÎÕÕ ÇÓÊåáÇß ÇËÇË æÊÌåíÒÇÊ ãßÊÈíÉ ;account.data_account_type_revenue_fixed_assets;account_arabic_coa_general;FALSE
AA100;22004011;ãÎÕÕ ÇÓÊåáÇß ÎÒä ÍÏíÏíÉ ;account.data_account_type_revenue_fixed_assets;account_arabic_coa_general;FALSE
AA101;22004012;ãÎÕÕ ÇÓÊåáÇß ÊßííİÇÊ ãÑßÒíÉ ;account.data_account_type_revenue_fixed_assets;account_arabic_coa_general;FALSE
AA102;22004013;ãÎÕÕ ÇÓÊåáÇß ÃÌåÒÉ ÑíÇÖíÉ ;account.data_account_type_revenue_fixed_assets;account_arabic_coa_general;FALSE
AA103;22004014;ãÎÕÕ ÇÓÊåáÇß Ñİæİ æãØÇÈÎ ;account.data_account_type_revenue_fixed_assets;account_arabic_coa_general;FALSE
AA104;22004015;ãÎÕÕ ÅØİÇÁ ÈÑÇãÌ ;account.data_account_type_revenue_fixed_assets;account_arabic_coa_general;FALSE
AA105;22004016;ãÎÕÕ ÅØİÇÁ ÊÍÓíäÇÊ İí ÇáãÇÌæÑ ;account.data_account_type_revenue_fixed_assets;account_arabic_coa_general;FALSE
AA106;22005;ãÎÕÕ ÇáÒßÇÉ ÇáÔÑÚíÉ ;account.data_account_type_revenue_fixed_assets;account_arabic_coa_general;FALSE
AA107;22005001;ãÎÕÕ ÇáÒßÇÉ ÇáÔÑÚíÉ ;account.data_account_type_revenue_fixed_assets;account_arabic_coa_general;FALSE
AA108;22006;ãÎÕÕ ÈÏá ÇÌÇÒÇÊ ;account.data_account_type_revenue_fixed_assets;account_arabic_coa_general;FALSE
AA109;22006001;ãÎÕÕ ÈÏá ÇÌÇÒÇÊ ;account.data_account_type_revenue_fixed_assets;account_arabic_coa_general;FALSE
AA110;22007;ãÎÕÕ ãßÇİÇÉ äåÇíÉ ÇáÎÏãÉ;account.data_account_type_revenue_fixed_assets;account_arabic_coa_general;FALSE
AA111;22007001;ãÎÕÕ ãßÇİÇÉ äåÇíÉ ÇáÎÏãÉ;account.data_account_type_revenue_fixed_assets;account_arabic_coa_general;FALSE
AA112;22008;ÇÑÕÏÉ ÏÇÆäÉ ÃÎÑì ;account.data_account_type_revenue_fixed_assets;account_arabic_coa_general;FALSE
AA113;22008001;ÇÑÕÏÉ ÏÇÆäÉ ÃÎÑì ;account.data_account_type_revenue_fixed_assets;account_arabic_coa_general;FALSE
AA114;22009;ÇáÃØÑÇİ ĞÇÊ ÇáÚáÇŞÉ ÇáÏÇÆäÉ ;account.data_account_type_revenue_fixed_assets;account_arabic_coa_general;FALSE
AA115;22009001;ØÑİ ĞÇÊ ÚáÇŞÉ 1;account.data_account_type_revenue_fixed_assets;account_arabic_coa_general;FALSE
AA116;22009002;ØÑİ ĞÇÊ ÚáÇŞÉ 2;account.data_account_type_revenue_fixed_assets;account_arabic_coa_general;FALSE
AA117;22009003;ØÑİ ĞÇÊ ÚáÇŞÉ 3;account.data_account_type_revenue_fixed_assets;account_arabic_coa_general;FALSE
AA118;22010;ÖÑíÈÉ ÇáŞíãÉ ÇáãÖÇİÉ Úáì ÇáÅíÑÇÏÇÊ ;account.data_account_type_revenue_fixed_assets;account_arabic_coa_general;FALSE
AA119;22010001;ÖÑíÈÉ ÇáŞíãÉ ÇáãÖÇİÉ Úáì ÇáÅíÑÇÏÇÊ ;account.data_account_type_revenue_fixed_assets;account_arabic_coa_general;FALSE
AA120;22011;ÊÓæíÇÊ ÖÑíÈÉ ÇáŞíãÉ ÇáãÖÇİÉ ;account.data_account_type_revenue_fixed_assets;account_arabic_coa_general;FALSE
AA121;22011001;ÊÓæíÇÊ ÖÑíÈÉ ÇáŞíãÉ ÇáãÖÇİÉ ;account.data_account_type_revenue_fixed_assets;account_arabic_coa_general;FALSE
AA122;31;ÊßáİÉ ÇáÇíÑÇÏ ;account.data_account_type_revenue_fixed_assets;account_arabic_coa_general;FALSE
AA123;31001;ÇáÑæÇÊÈ ;account.data_account_type_revenue_fixed_assets;account_arabic_coa_general;FALSE
AA124;31001001;ãÕÑæİÇÊ ÇáÑæÇÊÈ ;account.data_account_type_revenue_fixed_assets;account_arabic_coa_general;FALSE
AA125;31002;ÇáÅíÌÇÑÇÊ ;account.data_account_type_revenue_fixed_assets;account_arabic_coa_general;FALSE
AA126;31002001;ãÕÑæİ ÇáÅíÌÇÑÇÊ ;account.data_account_type_revenue_fixed_assets;account_arabic_coa_general;FALSE
AA127;31003;ãÕÇÑíİ ÓíÇÑÇÊ ;account.data_account_type_revenue_fixed_assets;account_arabic_coa_general;FALSE
AA128;31003001;ãÕÇÑíİ ÓíÇÑÇÊ ;account.data_account_type_revenue_fixed_assets;account_arabic_coa_general;FALSE
AA129;31004;ÈÏá ÇÌÇÒÇÊ ;account.data_account_type_revenue_fixed_assets;account_arabic_coa_general;FALSE
AA130;31004001;ÈÏá ÇÌÇÒÇÊ ;account.data_account_type_revenue_fixed_assets;account_arabic_coa_general;FALSE
AA131;31005;ÈÏá ÇáÓİÑ ;account.data_account_type_revenue_fixed_assets;account_arabic_coa_general;FALSE
AA132;31005001;ÈÏá ÇáÓİÑ ;account.data_account_type_revenue_fixed_assets;account_arabic_coa_general;FALSE
AA133;31006;ãßÇİÇÉ äåÇíÉ ÎÏãÉ ;account.data_account_type_revenue_fixed_assets;account_arabic_coa_general;FALSE
AA134;31006001;ãßÇİÇÉ äåÇíÉ ÎÏãÉ ;account.data_account_type_revenue_fixed_assets;account_arabic_coa_general;FALSE
AA135;31007;ãÕÇÑíİ ÕíÇäÉ ÚÇãÉ ;account.data_account_type_revenue_fixed_assets;account_arabic_coa_general;FALSE
AA136;31007001;ãÕÇÑíİ ÕíÇäÉ ÚÇãÉ ;account.data_account_type_revenue_fixed_assets;account_arabic_coa_general;FALSE
AA137;31008;ãÕÇÑíİ ÍÇÓÈ Çáì ;account.data_account_type_revenue_fixed_assets;account_arabic_coa_general;FALSE
AA138;31008001;ãÕÇÑíİ ÍÇÓÈ Çáì ;account.data_account_type_revenue_fixed_assets;account_arabic_coa_general;FALSE
AA139;31009;ÑÓæã æÇÔÊÑÇßÇÊ ;account.data_account_type_revenue_fixed_assets;account_arabic_coa_general;FALSE
AA140;31009001;ÑÓæã æÇÔÊÑÇßÇÊ ;account.data_account_type_revenue_fixed_assets;account_arabic_coa_general;FALSE
AA141;31010;Èæİíå æÖíÇİÉ æÍİáÇÊ ;account.data_account_type_revenue_fixed_assets;account_arabic_coa_general;FALSE
AA142;31010001;Èæİíå æÖíÇİÉ æÍİáÇÊ ;account.data_account_type_revenue_fixed_assets;account_arabic_coa_general;FALSE
AA143;31011;ãæÇÏ æÃÏæÇÊ æãÕÇÑíİ äÙÇİÉ ;account.data_account_type_revenue_fixed_assets;account_arabic_coa_general;FALSE
AA144;31011001;ãæÇÏ æÃÏæÇÊ æãÕÇÑíİ äÙÇİÉ ;account.data_account_type_revenue_fixed_assets;account_arabic_coa_general;FALSE
AA145;31012;ÊÇãíä Úáì ÇáÓíÇÑÇÊ ;account.data_account_type_revenue_fixed_assets;account_arabic_coa_general;FALSE
AA146;31012001;ÊÇãíä Úáì ÇáÓíÇÑÇÊ ;account.data_account_type_revenue_fixed_assets;account_arabic_coa_general;FALSE
AA147;31013;ãÕÑæİÇÊ ÈÑÇãÌ ;account.data_account_type_revenue_fixed_assets;account_arabic_coa_general;FALSE
AA148;31013001;ãÕÑæİÇÊ ÈÑÇãÌ ;account.data_account_type_revenue_fixed_assets;account_arabic_coa_general;FALSE
AA149;31014;ãÕÇÑíİ ÏæÑÇÊ ;account.data_account_type_revenue_fixed_assets;account_arabic_coa_general;FALSE
AA150;31014001;ãÕÇÑíİ ÏæÑÇÊ ;account.data_account_type_revenue_fixed_assets;account_arabic_coa_general;FALSE
AA151;31015;ÇáÎÕã ÇáãÓãæÍ Èå;account.data_account_type_revenue_fixed_assets;account_arabic_coa_general;FALSE
AA152;31015001;ÎÕã ãÓãæÍ Èå Úáì ÇáÏæÑÇÊ  ;account.data_account_type_revenue_fixed_assets;account_arabic_coa_general;FALSE
AA153;31015002;ÎÕã ÇÎÑ ;account.data_account_type_revenue_fixed_assets;account_arabic_coa_general;FALSE
AA154;32;ãÕÇÑíİ ÇáÇÓÊåáÇß ;account.data_account_type_revenue_fixed_assets;account_arabic_coa_general;FALSE
AA155;32001;ãÕÇÑíİ ÇáÇÓÊåáÇß ;account.data_account_type_revenue_fixed_assets;account_arabic_coa_general;FALSE
AA156;32001001;ãÕÑæİ   ÇÓÊåáÇß ãÈÇäì ;account.data_account_type_revenue_fixed_assets;account_arabic_coa_general;FALSE
AA157;32001002;ãÕÑæİ  ÇÓÊåáÇß ÃÌåÒÉ ÍÇÓÈ Çáì ;account.data_account_type_revenue_fixed_assets;account_arabic_coa_general;FALSE
AA158;32001003;ãÕÑæİ  ÇÓÊåáÇß ÇáÓíÇÑÇÊ ;account.data_account_type_revenue_fixed_assets;account_arabic_coa_general;FALSE
AA159;32001004;ãÕÑæİ  ÇÓÊåáÇß áæÍÇÊ ÅÚáÇäíÉ ;account.data_account_type_revenue_fixed_assets;account_arabic_coa_general;FALSE
AA160;32001005;ãÕÑæİ  ÇÓÊåáÇß ÇËÇË æãİÑæÔÇÊ ;account.data_account_type_revenue_fixed_assets;account_arabic_coa_general;FALSE
AA161;32001006;ãÕÑæİ  ÇÓÊåáÇß ÃÌåÒÉ ßåÑÈÇÆÉ ;account.data_account_type_revenue_fixed_assets;account_arabic_coa_general;FALSE
AA162;32001007;ãÕÑæİ  ÇÓÊåáÇß ãßíİÇÊ İÑíæä ;account.data_account_type_revenue_fixed_assets;account_arabic_coa_general;FALSE
AA163;32001008;ãÕÑæİ  ÇÓÊåáÇß ãßíİÇÊ ÕÍÑÇæíÉ ;account.data_account_type_revenue_fixed_assets;account_arabic_coa_general;FALSE
AA164;32001009;ãÕÑæİ  ÇÓÊåáÇß ãßíİÇÊ ãÑßÒíÉ;account.data_account_type_revenue_fixed_assets;account_arabic_coa_general;FALSE
AA165;32001010;ãÕÑæİ  ÇÓÊåáÇß ÇËÇË æÊÌåíÒÇÊ ãßÊÈíÉ ;account.data_account_type_revenue_fixed_assets;account_arabic_coa_general;FALSE
AA166;32001011;ãÕÑæİ  ÇÓÊåáÇß ÎÒä ÍÏíÏíÉ ;account.data_account_type_revenue_fixed_assets;account_arabic_coa_general;FALSE
AA167;32001012;ãÕÑæİ  ÇÓÊåáÇß ÊßííİÇÊ ãÑßÒíÉ ;account.data_account_type_revenue_fixed_assets;account_arabic_coa_general;FALSE
AA168;32001013;ãÕÑæİ  ÇÓÊåáÇß ÃÌåÒÉ ÑíÇÖíÉ ;account.data_account_type_revenue_fixed_assets;account_arabic_coa_general;FALSE
AA169;32001014;ãÕÑæİ  ÇÓÊåáÇß Ñİæİ æãØÇÈÎ ;account.data_account_type_revenue_fixed_assets;account_arabic_coa_general;FALSE
AA170;32001015;ãÕÑæİ  ÅØİÇÁ ÈÑÇãÌ ;account.data_account_type_revenue_fixed_assets;account_arabic_coa_general;FALSE
AA171;32001016;ãÕÑæİ  ÅØİÇÁ ÊÍÓíäÇÊ İí ÇáãÇÌæÑ ;account.data_account_type_revenue_fixed_assets;account_arabic_coa_general;FALSE
AA172;33;ãÕÇÑíİ ÚãæãíÉ æÅÏÇÑíÉ ;account.data_account_type_revenue_fixed_assets;account_arabic_coa_general;FALSE
AA173;33001;ãÕÇÑíİ ÚãæãíÉ æÅÏÇÑíÉ ;account.data_account_type_revenue_fixed_assets;account_arabic_coa_general;FALSE
AA174;33001001;ãÕÇÑíİ ßåÑÈÇÁ æãíÇå ;account.data_account_type_revenue_fixed_assets;account_arabic_coa_general;FALSE
AA175;33001002;ãÕÇÑíİ åÇÊİ æÇäÊÑäÊ ;account.data_account_type_revenue_fixed_assets;account_arabic_coa_general;FALSE
AA176;33001003;ãÕÇÑíİ ÇáÊÇãíäÇÊ ÇáÇÌÊãÇÚíÉ ;account.data_account_type_revenue_fixed_assets;account_arabic_coa_general;FALSE
AA177;33001004;ãÕÇÑíİ ÓİÑ æÇäÊŞÇáÇÊ ;account.data_account_type_revenue_fixed_assets;account_arabic_coa_general;FALSE
AA178;33001005;ãÕÇÑíİ ÇáÊÇãíä ÇáØÈí ;account.data_account_type_revenue_fixed_assets;account_arabic_coa_general;FALSE
AA179;33001006;ãÕÇÑíİ ÇáÛÑÇãÇÊ æÇáÊÚæíÖÇÊ ;account.data_account_type_revenue_fixed_assets;account_arabic_coa_general;FALSE
AA180;33001007;ãÕÇÑíİ æÚãæáÇÊ ÈäßíÉ ;account.data_account_type_revenue_fixed_assets;account_arabic_coa_general;FALSE
AA181;33001008;ãÕÇÑíİ ÊÈÑÚÇÊ æÕÏŞÇÊ ;account.data_account_type_revenue_fixed_assets;account_arabic_coa_general;FALSE
AA182;33001009;ãÕÇÑíİ ÇáÇÊÚÇÈ ÇáãåäíÉ ;account.data_account_type_revenue_fixed_assets;account_arabic_coa_general;FALSE
AA183;34;ãÕÇÑíİ åíÆÉ ÇáÒßÇÉ æÇáÏÎá ;account.data_account_type_revenue_fixed_assets;account_arabic_coa_general;FALSE
AA184;34001;ãÕÇÑíİ åíÆÉ ÇáÒßÇÉ æÇáÏÎá ;account.data_account_type_revenue_fixed_assets;account_arabic_coa_general;FALSE
AA185;34001001;ãÕÇÑíİ ÇáÒßÇÉ ;account.data_account_type_revenue_fixed_assets;account_arabic_coa_general;FALSE
AA186;41;ÇáÅíÑÇÏÇÊ ;account.data_account_type_revenue_fixed_assets;account_arabic_coa_general;FALSE
AA187;41001;ÅíÑÇÏÇÊ ÇáÏæÑÇÊ æÇáÇÔÊÑÇßÇÊ ;account.data_account_type_revenue_fixed_assets;account_arabic_coa_general;FALSE
AA188;41001001;ÅíÑÇÏÇÊ ãä ÚãáÇÁ ÏæÑÇÊ ÔåÑíÉ ;account.data_account_type_revenue_fixed_assets;account_arabic_coa_general;FALSE
AA189;41001002;ÇíÑÇÏ ãä ÚãáÇÁ ÏæÑÇÊ ÑÈÚ ÓäæíÉ (3ÇÔåÑ );account.data_account_type_revenue_fixed_assets;account_arabic_coa_general;FALSE
AA190;41001003;ÇíÑÇÏ ãä ÚãáÇÁ ÏæÑÇÊ äÕİ ÓäæíÉ (6 ÇÔåÑ );account.data_account_type_revenue_fixed_assets;account_arabic_coa_general;FALSE
AA191;41001004;ÇíÑÇÏ ãä ÚãáÇÁ ÏæÑÇÊ ÓäæíÉ ;account.data_account_type_revenue_fixed_assets;account_arabic_coa_general;FALSE
AA192;41001005;ÇíÑÇÏ ãä ÚãáÇÁ ÏæÑÇÊ æÇÔÊÑÇßÇÊ ãÊäæÚÉ ;account.data_account_type_revenue_fixed_assets;account_arabic_coa_general;FALSE
AA193;41001006;ÇíÑÇÏ ãä ÚãáÇÁ ÇáÚÑæÖ ;account.data_account_type_revenue_fixed_assets;account_arabic_coa_general;FALSE
AA194;41002;ÅíÑÇÏÇÊ ãÊäæÚÉ ;account.data_account_type_revenue_fixed_assets;account_arabic_coa_general;FALSE
AA195;41002001;ÇíÑÇÏ ãä ÏÚã ÇáãæÇÑÏ;account.data_account_type_revenue_fixed_assets;account_arabic_coa_general;FALSE
AA196;41002002;ÇíÑÇÏ ßÇİÊíÑíÇ ÇáäÇÏì ;account.data_account_type_revenue_fixed_assets;account_arabic_coa_general;FALSE
